id;priority;topic;data;status;received_at
1;29252;retention;collaborate until beneath;RECEIVED;2025-03-30
2;18755;father;cheerfully;COMPLETED;2025-03-30
3;22719;meanwhile;monstrous meaningfully;RECEIVED;2025-03-30
4;21273;woot upward boohoo;meatloaf until travel;ERROR;2025-03-30
5;21534;motor boo inside;how breed chatter;ERROR;2025-03-29
6;28868;wrongly;marketplace judgementally vain;WAITING;2025-03-30
7;27590;longboat painfully overplay;whereas toe;RECEIVED;2025-03-29
8;6283;bind vacantly wrongly;onto black-and-white developing;ERROR;2025-03-30
9;2421;moist;jaggedly windy;WAITING;2025-03-30
10;23741;ouch;best nimble woot;COMPLETED;2025-03-30
